"symbol","tf_profile","timeframe","source_file","rows_count","candidate_index","label_index","pivot_right","context_n","label_anchor","label_value","label_datetime","candidate_score","candidate_quality","candidate_type","candidate_price","atr","flow","momentum","ratio","context_json"
"BTCUSDT","15m","15m","tests/AD/data/BTCUSDT_15m.csv","500","155","155","12","10","center",,"2026-05-13 16:00:00",,,"bull",,"253.058571428572",,,,"[{""offset"":-10,""datetime"":""5/13/2026 1:30:00 PM"",""open"":80149.73,""high"":80210,""low"":79780,""close"":79850,""volume"":414.03325,""label_in_window"":""NO""},{""offset"":-9,""datetime"":""5/13/2026 1:45:00 PM"",""open"":79850,""high"":79850,""low"":79576.47,""close"":79656.01,""volume"":515.75768,""label_in_window"":""NO""},{""offset"":-8,""datetime"":""5/13/2026 2:00:00 PM"",""open"":79656.01,""high"":79785.99,""low"":79481.56,""close"":79714.97,""volume"":434.43032,""label_in_window"":""NO""},{""offset"":-7,""datetime"":""5/13/2026 2:15:00 PM"",""open"":79714.98,""high"":79898,""low"":79673.29,""close"":79852.73,""volume"":204.90484,""label_in_window"":""NO""},{""offset"":-6,""datetime"":""5/13/2026 2:30:00 PM"",""open"":79852.73,""high"":79862.91,""low"":79706.99,""close"":79707,""volume"":179.17275,""label_in_window"":""NO""},{""offset"":-5,""datetime"":""5/13/2026 2:45:00 PM"",""open"":79707,""high"":79817.64,""low"":79650.4,""close"":79756.01,""volume"":123.87787,""label_in_window"":""NO""},{""offset"":-4,""datetime"":""5/13/2026 3:00:00 PM"",""open"":79756.02,""high"":79856.08,""low"":79414,""close"":79436.11,""volume"":291.67862,""label_in_window"":""NO""},{""offset"":-3,""datetime"":""5/13/2026 3:15:00 PM"",""open"":79436.11,""high"":79478.98,""low"":79252.5,""close"":79283.08,""volume"":340.36508,""label_in_window"":""NO""},{""offset"":-2,""datetime"":""5/13/2026 3:30:00 PM"",""open"":79283.09,""high"":79348.2,""low"":79228.35,""close"":79251.39,""volume"":323.73587,""label_in_window"":""NO""},{""offset"":-1,""datetime"":""5/13/2026 3:45:00 PM"",""open"":79251.39,""high"":79261.1,""low"":78807.22,""close"":78827.21,""volume"":775.65101,""label_in_window"":""NO""},{""offset"":0,""datetime"":""5/13/2026 4:00:00 PM"",""open"":78827.21,""high"":79020.92,""low"":78754.65,""close"":78922.12,""volume"":920.44276,""label_in_window"":""YES""},{""offset"":1,""datetime"":""5/13/2026 4:15:00 PM"",""open"":78922.11,""high"":79060.06,""low"":78856.86,""close"":79058.15,""volume"":177.27798,""label_in_window"":""NO""},{""offset"":2,""datetime"":""5/13/2026 4:30:00 PM"",""open"":79058.15,""high"":79169.7,""low"":79043.05,""close"":79142.75,""volume"":242.08469,""label_in_window"":""NO""},{""offset"":3,""datetime"":""5/13/2026 4:45:00 PM"",""open"":79142.75,""high"":79222.22,""low"":79078.7,""close"":79108.39,""volume"":182.3084,""label_in_window"":""NO""},{""offset"":4,""datetime"":""5/13/2026 5:00:00 PM"",""open"":79108.39,""high"":79238.6,""low"":79108.39,""close"":79233,""volume"":149.40122,""label_in_window"":""NO""},{""offset"":5,""datetime"":""5/13/2026 5:15:00 PM"",""open"":79232.99,""high"":79378.54,""low"":79100,""close"":79331.97,""volume"":207.41069,""label_in_window"":""NO""},{""offset"":6,""datetime"":""5/13/2026 5:30:00 PM"",""open"":79331.96,""high"":79433.01,""low"":79324.29,""close"":79430.61,""volume"":103.01655,""label_in_window"":""NO""},{""offset"":7,""datetime"":""5/13/2026 5:45:00 PM"",""open"":79430.61,""high"":79556.36,""low"":79391.7,""close"":79514.97,""volume"":151.57673,""label_in_window"":""NO""},{""offset"":8,""datetime"":""5/13/2026 6:00:00 PM"",""open"":79514.97,""high"":79615.01,""low"":79514.97,""close"":79606.3,""volume"":107.23144,""label_in_window"":""NO""},{""offset"":9,""datetime"":""5/13/2026 6:15:00 PM"",""open"":79606.3,""high"":79800,""low"":79555.87,""close"":79767.98,""volume"":358.77901,""label_in_window"":""NO""},{""offset"":10,""datetime"":""5/13/2026 6:30:00 PM"",""open"":79767.97,""high"":79800,""low"":79647.29,""close"":79647.29,""volume"":154.95754,""label_in_window"":""NO""}]"
"BTCUSDT","15m","15m","tests/AD/data/BTCUSDT_15m.csv","500","339","339","12","10","center",,"2026-05-15 14:00:00",,,"bull",,"294.05",,,,"[{""offset"":-10,""datetime"":""5/15/2026 11:30:00 AM"",""open"":80628.45,""high"":80656.26,""low"":80598.52,""close"":80639.79,""volume"":70.3496,""label_in_window"":""NO""},{""offset"":-9,""datetime"":""5/15/2026 11:45:00 AM"",""open"":80639.8,""high"":80709.88,""low"":80595,""close"":80628.53,""volume"":56.77645,""label_in_window"":""NO""},{""offset"":-8,""datetime"":""5/15/2026 12:00:00 PM"",""open"":80628.52,""high"":80635.44,""low"":80400.02,""close"":80414.7,""volume"":184.96212,""label_in_window"":""NO""},{""offset"":-7,""datetime"":""5/15/2026 12:15:00 PM"",""open"":80414.71,""high"":80584.92,""low"":80370.88,""close"":80535.92,""volume"":131.00626,""label_in_window"":""NO""},{""offset"":-6,""datetime"":""5/15/2026 12:30:00 PM"",""open"":80535.91,""high"":80555.09,""low"":80400,""close"":80410.01,""volume"":126.26237,""label_in_window"":""NO""},{""offset"":-5,""datetime"":""5/15/2026 12:45:00 PM"",""open"":80410,""high"":80444.13,""low"":80340.83,""close"":80385.11,""volume"":92.77007,""label_in_window"":""NO""},{""offset"":-4,""datetime"":""5/15/2026 1:00:00 PM"",""open"":80385.1,""high"":80385.11,""low"":80068.01,""close"":80134.22,""volume"":439.51744,""label_in_window"":""NO""},{""offset"":-3,""datetime"":""5/15/2026 1:15:00 PM"",""open"":80134.23,""high"":80203.58,""low"":80006.08,""close"":80006.1,""volume"":330.08371,""label_in_window"":""NO""},{""offset"":-2,""datetime"":""5/15/2026 1:30:00 PM"",""open"":80006.09,""high"":80015.48,""low"":79100,""close"":79149.8,""volume"":1067.74454,""label_in_window"":""NO""},{""offset"":-1,""datetime"":""5/15/2026 1:45:00 PM"",""open"":79149.81,""high"":79287.57,""low"":78698.69,""close"":78758.59,""volume"":1264.53949,""label_in_window"":""NO""},{""offset"":0,""datetime"":""5/15/2026 2:00:00 PM"",""open"":78758.59,""high"":79353.32,""low"":78659,""close"":79256,""volume"":936.98848,""label_in_window"":""YES""},{""offset"":1,""datetime"":""5/15/2026 2:15:00 PM"",""open"":79255.99,""high"":79322.09,""low"":79009,""close"":79082,""volume"":383.26405,""label_in_window"":""NO""},{""offset"":2,""datetime"":""5/15/2026 2:30:00 PM"",""open"":79082,""high"":79292.88,""low"":79002,""close"":79223.77,""volume"":357.33138,""label_in_window"":""NO""},{""offset"":3,""datetime"":""5/15/2026 2:45:00 PM"",""open"":79223.78,""high"":79311.01,""low"":78958.38,""close"":79150.37,""volume"":287.6264,""label_in_window"":""NO""},{""offset"":4,""datetime"":""5/15/2026 3:00:00 PM"",""open"":79150.36,""high"":79329.41,""low"":79086.1,""close"":79239.98,""volume"":171.96542,""label_in_window"":""NO""},{""offset"":5,""datetime"":""5/15/2026 3:15:00 PM"",""open"":79239.97,""high"":79369.36,""low"":79111.82,""close"":79139.71,""volume"":156.94132,""label_in_window"":""NO""},{""offset"":6,""datetime"":""5/15/2026 3:30:00 PM"",""open"":79139.87,""high"":79227,""low"":79076.28,""close"":79089.49,""volume"":148.09861,""label_in_window"":""NO""},{""offset"":7,""datetime"":""5/15/2026 3:45:00 PM"",""open"":79089.5,""high"":79245.85,""low"":79013.81,""close"":79150.27,""volume"":129.46775,""label_in_window"":""NO""},{""offset"":8,""datetime"":""5/15/2026 4:00:00 PM"",""open"":79150.26,""high"":79245.85,""low"":79131.01,""close"":79204,""volume"":148.22496,""label_in_window"":""NO""},{""offset"":9,""datetime"":""5/15/2026 4:15:00 PM"",""open"":79204,""high"":79316,""low"":79140,""close"":79312,""volume"":144.51334,""label_in_window"":""NO""},{""offset"":10,""datetime"":""5/15/2026 4:30:00 PM"",""open"":79312,""high"":79382.3,""low"":79255.46,""close"":79279.84,""volume"":105.97895,""label_in_window"":""NO""}]"
"BTCUSDT","1h","1h","tests/AD/data/BTCUSDT_1h.csv","500","122","122","16","10","center",,"2026-05-01 13:00:00",,,"bear",,"424.180000000002",,,,"[{""offset"":-10,""datetime"":""5/1/2026 3:00:00 AM"",""open"":76592.54,""high"":77453.74,""low"":76555.06,""close"":77131.08,""volume"":1056.19913,""label_in_window"":""NO""},{""offset"":-9,""datetime"":""5/1/2026 4:00:00 AM"",""open"":77131.08,""high"":77206.38,""low"":76653.6,""close"":77042.44,""volume"":995.75921,""label_in_window"":""NO""},{""offset"":-8,""datetime"":""5/1/2026 5:00:00 AM"",""open"":77042.44,""high"":77184.96,""low"":77033.91,""close"":77165.98,""volume"":283.75111,""label_in_window"":""NO""},{""offset"":-7,""datetime"":""5/1/2026 6:00:00 AM"",""open"":77165.99,""high"":77179.53,""low"":76882,""close"":76993.48,""volume"":439.15205,""label_in_window"":""NO""},{""offset"":-6,""datetime"":""5/1/2026 7:00:00 AM"",""open"":76993.49,""high"":77140.36,""low"":76957.04,""close"":77130.54,""volume"":633.7325,""label_in_window"":""NO""},{""offset"":-5,""datetime"":""5/1/2026 8:00:00 AM"",""open"":77130.54,""high"":77500,""low"":77048,""close"":77377.47,""volume"":697.73561,""label_in_window"":""NO""},{""offset"":-4,""datetime"":""5/1/2026 9:00:00 AM"",""open"":77377.48,""high"":77391.99,""low"":77200.15,""close"":77268.55,""volume"":355.16559,""label_in_window"":""NO""},{""offset"":-3,""datetime"":""5/1/2026 10:00:00 AM"",""open"":77268.56,""high"":77433.72,""low"":77146.48,""close"":77304.34,""volume"":330.99244,""label_in_window"":""NO""},{""offset"":-2,""datetime"":""5/1/2026 11:00:00 AM"",""open"":77303.8,""high"":77600,""low"":77263.66,""close"":77463.98,""volume"":584.3796,""label_in_window"":""NO""},{""offset"":-1,""datetime"":""5/1/2026 12:00:00 PM"",""open"":77463.98,""high"":78170.2,""low"":77408.73,""close"":77896.01,""volume"":1392.97654,""label_in_window"":""NO""},{""offset"":0,""datetime"":""5/1/2026 1:00:00 PM"",""open"":77896.01,""high"":78914.12,""low"":77896,""close"":78737.25,""volume"":2354.33999,""label_in_window"":""YES""},{""offset"":1,""datetime"":""5/1/2026 2:00:00 PM"",""open"":78737.26,""high"":78871.8,""low"":78051.86,""close"":78358.75,""volume"":1970.70152,""label_in_window"":""NO""},{""offset"":2,""datetime"":""5/1/2026 3:00:00 PM"",""open"":78358.74,""high"":78735.92,""low"":78176.06,""close"":78445.89,""volume"":1013.17746,""label_in_window"":""NO""},{""offset"":3,""datetime"":""5/1/2026 4:00:00 PM"",""open"":78445.88,""high"":78683.23,""low"":78167.53,""close"":78214.36,""volume"":704.68666,""label_in_window"":""NO""},{""offset"":4,""datetime"":""5/1/2026 5:00:00 PM"",""open"":78214.36,""high"":78584.61,""low"":78131.02,""close"":78552.94,""volume"":489.31938,""label_in_window"":""NO""},{""offset"":5,""datetime"":""5/1/2026 6:00:00 PM"",""open"":78552.93,""high"":78623.37,""low"":78375.53,""close"":78423.9,""volume"":487.76487,""label_in_window"":""NO""},{""offset"":6,""datetime"":""5/1/2026 7:00:00 PM"",""open"":78423.91,""high"":78540,""low"":78313.16,""close"":78360,""volume"":512.65483,""label_in_window"":""NO""},{""offset"":7,""datetime"":""5/1/2026 8:00:00 PM"",""open"":78360.01,""high"":78422.81,""low"":77752,""close"":77880.18,""volume"":827.52759,""label_in_window"":""NO""},{""offset"":8,""datetime"":""5/1/2026 9:00:00 PM"",""open"":77880.18,""high"":78200,""low"":77857.97,""close"":78199.99,""volume"":485.72824,""label_in_window"":""NO""},{""offset"":9,""datetime"":""5/1/2026 10:00:00 PM"",""open"":78200,""high"":78411.13,""low"":78144.7,""close"":78153.38,""volume"":331.97786,""label_in_window"":""NO""},{""offset"":10,""datetime"":""5/1/2026 11:00:00 PM"",""open"":78153.37,""high"":78249.6,""low"":78043.28,""close"":78231.13,""volume"":173.55448,""label_in_window"":""NO""}]"
"BTCUSDT","4h","4h","tests/AD/data/BTCUSDT_4h.csv","500","322","322","18","10","center",,"2026-04-17 16:00:00",,,"bear",,"1120.75071428572",,,,"[{""offset"":-10,""datetime"":""4/16/2026 12:00:00 AM"",""open"":74809.99,""high"":75267.85,""low"":74451.49,""close"":74888.21,""volume"":1937.97594,""label_in_window"":""NO""},{""offset"":-9,""datetime"":""4/16/2026 4:00:00 AM"",""open"":74888.21,""high"":75174.38,""low"":74636,""close"":74707.03,""volume"":2185.42777,""label_in_window"":""NO""},{""offset"":-8,""datetime"":""4/16/2026 8:00:00 AM"",""open"":74707.02,""high"":74901.5,""low"":74277.34,""close"":74574.79,""volume"":2687.27336,""label_in_window"":""NO""},{""offset"":-7,""datetime"":""4/16/2026 12:00:00 PM"",""open"":74574.8,""high"":75030.39,""low"":73309.85,""close"":74697.19,""volume"":5210.02393,""label_in_window"":""NO""},{""offset"":-6,""datetime"":""4/16/2026 4:00:00 PM"",""open"":74697.2,""high"":75410.71,""low"":73912.23,""close"":75342.99,""volume"":3497.56,""label_in_window"":""NO""},{""offset"":-5,""datetime"":""4/16/2026 8:00:00 PM"",""open"":75343,""high"":75534.76,""low"":74789.5,""close"":75154.29,""volume"":1570.42677,""label_in_window"":""NO""},{""offset"":-4,""datetime"":""4/17/2026 12:00:00 AM"",""open"":75154.28,""high"":75154.77,""low"":74529.4,""close"":74615.82,""volume"":2160.86835,""label_in_window"":""NO""},{""offset"":-3,""datetime"":""4/17/2026 4:00:00 AM"",""open"":74615.82,""high"":75089.51,""low"":74555.12,""close"":75074.77,""volume"":1339.49148,""label_in_window"":""NO""},{""offset"":-2,""datetime"":""4/17/2026 8:00:00 AM"",""open"":75074.76,""high"":76370.25,""low"":74993.24,""close"":75589.7,""volume"":4979.26567,""label_in_window"":""NO""},{""offset"":-1,""datetime"":""4/17/2026 12:00:00 PM"",""open"":75589.7,""high"":78052.49,""low"":75531.97,""close"":77785.02,""volume"":11844.17586,""label_in_window"":""NO""},{""offset"":0,""datetime"":""4/17/2026 4:00:00 PM"",""open"":77785.03,""high"":78333,""low"":77000,""close"":77393.58,""volume"":3865.48754,""label_in_window"":""YES""},{""offset"":1,""datetime"":""4/17/2026 8:00:00 PM"",""open"":77393.58,""high"":77611.68,""low"":76911,""close"":77072,""volume"":1752.07804,""label_in_window"":""NO""},{""offset"":2,""datetime"":""4/18/2026 12:00:00 AM"",""open"":77072.01,""high"":77420.08,""low"":76962.67,""close"":77005.47,""volume"":1127.42699,""label_in_window"":""NO""},{""offset"":3,""datetime"":""4/18/2026 4:00:00 AM"",""open"":77005.47,""high"":77278.58,""low"":76884.1,""close"":76997.8,""volume"":1126.90915,""label_in_window"":""NO""},{""offset"":4,""datetime"":""4/18/2026 8:00:00 AM"",""open"":76997.79,""high"":77048,""low"":75763.76,""close"":76039.05,""volume"":2670.18059,""label_in_window"":""NO""},{""offset"":5,""datetime"":""4/18/2026 12:00:00 PM"",""open"":76039.06,""high"":76363.75,""low"":75797.53,""close"":76167.34,""volume"":1672.54902,""label_in_window"":""NO""},{""offset"":6,""datetime"":""4/18/2026 4:00:00 PM"",""open"":76167.33,""high"":76211.57,""low"":75445.16,""close"":75649.85,""volume"":1564.20833,""label_in_window"":""NO""},{""offset"":7,""datetime"":""4/18/2026 8:00:00 PM"",""open"":75649.86,""high"":75891.64,""low"":75599.64,""close"":75691.76,""volume"":980.57048,""label_in_window"":""NO""},{""offset"":8,""datetime"":""4/19/2026 12:00:00 AM"",""open"":75691.76,""high"":75847.42,""low"":75357,""close"":75515.77,""volume"":1006.37687,""label_in_window"":""NO""},{""offset"":9,""datetime"":""4/19/2026 4:00:00 AM"",""open"":75515.76,""high"":75782.63,""low"":74867.72,""close"":75252.34,""volume"":1626.173,""label_in_window"":""NO""},{""offset"":10,""datetime"":""4/19/2026 8:00:00 AM"",""open"":75252.33,""high"":75641.99,""low"":74921.74,""close"":75604.11,""volume"":1388.70023,""label_in_window"":""NO""}]"
"ETHUSDT","15m","15m","tests/AD/data/ETHUSDT_15m.csv","500","305","305","12","10","center",,"2026-05-15 05:30:00",,,"bull",,"7.95642857142859",,,,"[{""offset"":-10,""datetime"":""5/15/2026 3:00:00 AM"",""open"":2276.37,""high"":2279.64,""low"":2271.39,""close"":2274.62,""volume"":3233.0892,""label_in_window"":""NO""},{""offset"":-9,""datetime"":""5/15/2026 3:15:00 AM"",""open"":2274.61,""high"":2276.97,""low"":2272.7,""close"":2276.59,""volume"":3137.3798,""label_in_window"":""NO""},{""offset"":-8,""datetime"":""5/15/2026 3:30:00 AM"",""open"":2276.59,""high"":2276.66,""low"":2267.98,""close"":2271.64,""volume"":3739.4189,""label_in_window"":""NO""},{""offset"":-7,""datetime"":""5/15/2026 3:45:00 AM"",""open"":2271.64,""high"":2274.06,""low"":2269.56,""close"":2273.34,""volume"":2239.4121,""label_in_window"":""NO""},{""offset"":-6,""datetime"":""5/15/2026 4:00:00 AM"",""open"":2273.35,""high"":2273.91,""low"":2269.09,""close"":2271.38,""volume"":1258.3727,""label_in_window"":""NO""},{""offset"":-5,""datetime"":""5/15/2026 4:15:00 AM"",""open"":2271.38,""high"":2273.47,""low"":2266.78,""close"":2268.44,""volume"":1084.3932,""label_in_window"":""NO""},{""offset"":-4,""datetime"":""5/15/2026 4:30:00 AM"",""open"":2268.43,""high"":2270.91,""low"":2266.79,""close"":2267.51,""volume"":1035.0889,""label_in_window"":""NO""},{""offset"":-3,""datetime"":""5/15/2026 4:45:00 AM"",""open"":2267.52,""high"":2268.42,""low"":2262.74,""close"":2263.33,""volume"":2012.9367,""label_in_window"":""NO""},{""offset"":-2,""datetime"":""5/15/2026 5:00:00 AM"",""open"":2263.33,""high"":2266.09,""low"":2261.49,""close"":2266.09,""volume"":3005.4259,""label_in_window"":""NO""},{""offset"":-1,""datetime"":""5/15/2026 5:15:00 AM"",""open"":2266.08,""high"":2267,""low"":2262.66,""close"":2263.74,""volume"":1359.5848,""label_in_window"":""NO""},{""offset"":0,""datetime"":""5/15/2026 5:30:00 AM"",""open"":2263.74,""high"":2264.17,""low"":2237.95,""close"":2246.91,""volume"":16743.8474,""label_in_window"":""YES""},{""offset"":1,""datetime"":""5/15/2026 5:45:00 AM"",""open"":2246.9,""high"":2249.7,""low"":2242.01,""close"":2245.41,""volume"":4189.0422,""label_in_window"":""NO""},{""offset"":2,""datetime"":""5/15/2026 6:00:00 AM"",""open"":2245.4,""high"":2250.6,""low"":2243.8,""close"":2248.5,""volume"":2846.8884,""label_in_window"":""NO""},{""offset"":3,""datetime"":""5/15/2026 6:15:00 AM"",""open"":2248.51,""high"":2253.22,""low"":2247.34,""close"":2253.22,""volume"":2620.4301,""label_in_window"":""NO""},{""offset"":4,""datetime"":""5/15/2026 6:30:00 AM"",""open"":2253.22,""high"":2256.11,""low"":2252.47,""close"":2255.8,""volume"":1772.9048,""label_in_window"":""NO""},{""offset"":5,""datetime"":""5/15/2026 6:45:00 AM"",""open"":2255.8,""high"":2256.92,""low"":2254.11,""close"":2255.35,""volume"":1014.471,""label_in_window"":""NO""},{""offset"":6,""datetime"":""5/15/2026 7:00:00 AM"",""open"":2255.36,""high"":2262.15,""low"":2253.63,""close"":2262.08,""volume"":1726.4018,""label_in_window"":""NO""},{""offset"":7,""datetime"":""5/15/2026 7:15:00 AM"",""open"":2262.09,""high"":2271.64,""low"":2258.59,""close"":2267.02,""volume"":4200.001,""label_in_window"":""NO""},{""offset"":8,""datetime"":""5/15/2026 7:30:00 AM"",""open"":2267.02,""high"":2267.11,""low"":2263.51,""close"":2266.45,""volume"":3360.7833,""label_in_window"":""NO""},{""offset"":9,""datetime"":""5/15/2026 7:45:00 AM"",""open"":2266.45,""high"":2267.71,""low"":2264.88,""close"":2265.11,""volume"":2076.4516,""label_in_window"":""NO""},{""offset"":10,""datetime"":""5/15/2026 8:00:00 AM"",""open"":2265.11,""high"":2265.42,""low"":2258.66,""close"":2260.53,""volume"":2548.8678,""label_in_window"":""NO""}]"
"ETHUSDT","15m","15m","tests/AD/data/ETHUSDT_15m.csv","500","420","420","12","10","center",,"2026-05-16 10:15:00",,,"bull",,"10.2221428571428",,,,"[{""offset"":-10,""datetime"":""5/16/2026 7:45:00 AM"",""open"":2198.19,""high"":2198.44,""low"":2193.32,""close"":2194.81,""volume"":1952.2927,""label_in_window"":""NO""},{""offset"":-9,""datetime"":""5/16/2026 8:00:00 AM"",""open"":2194.81,""high"":2196.87,""low"":2194.14,""close"":2194.14,""volume"":2000.6307,""label_in_window"":""NO""},{""offset"":-8,""datetime"":""5/16/2026 8:15:00 AM"",""open"":2194.15,""high"":2195.73,""low"":2192.01,""close"":2194.99,""volume"":852.2483,""label_in_window"":""NO""},{""offset"":-7,""datetime"":""5/16/2026 8:30:00 AM"",""open"":2195,""high"":2196.4,""low"":2192.78,""close"":2195.05,""volume"":2567.4026,""label_in_window"":""NO""},{""offset"":-6,""datetime"":""5/16/2026 8:45:00 AM"",""open"":2195.05,""high"":2195.23,""low"":2192.68,""close"":2193.26,""volume"":607.8647,""label_in_window"":""NO""},{""offset"":-5,""datetime"":""5/16/2026 9:00:00 AM"",""open"":2193.26,""high"":2193.85,""low"":2183.39,""close"":2186.1,""volume"":2969.4781,""label_in_window"":""NO""},{""offset"":-4,""datetime"":""5/16/2026 9:15:00 AM"",""open"":2186.1,""high"":2187.02,""low"":2162.6,""close"":2170.34,""volume"":18369.0856,""label_in_window"":""NO""},{""offset"":-3,""datetime"":""5/16/2026 9:30:00 AM"",""open"":2170.35,""high"":2177.92,""low"":2169.72,""close"":2175.44,""volume"":4242.5839,""label_in_window"":""NO""},{""offset"":-2,""datetime"":""5/16/2026 9:45:00 AM"",""open"":2175.45,""high"":2177.5,""low"":2171.01,""close"":2173.57,""volume"":2307.6367,""label_in_window"":""NO""},{""offset"":-1,""datetime"":""5/16/2026 10:00:00 AM"",""open"":2173.57,""high"":2174.33,""low"":2167.39,""close"":2171.48,""volume"":4143.9268,""label_in_window"":""NO""},{""offset"":0,""datetime"":""5/16/2026 10:15:00 AM"",""open"":2171.47,""high"":2172.93,""low"":2162.55,""close"":2166.67,""volume"":5745.7575,""label_in_window"":""YES""},{""offset"":1,""datetime"":""5/16/2026 10:30:00 AM"",""open"":2166.68,""high"":2175,""low"":2166.67,""close"":2171.13,""volume"":6157.5671,""label_in_window"":""NO""},{""offset"":2,""datetime"":""5/16/2026 10:45:00 AM"",""open"":2171.13,""high"":2174.35,""low"":2170.17,""close"":2173.85,""volume"":2835.1971,""label_in_window"":""NO""},{""offset"":3,""datetime"":""5/16/2026 11:00:00 AM"",""open"":2173.85,""high"":2179.15,""low"":2173.85,""close"":2177.13,""volume"":3363.3542,""label_in_window"":""NO""},{""offset"":4,""datetime"":""5/16/2026 11:15:00 AM"",""open"":2177.13,""high"":2179.15,""low"":2175.61,""close"":2178.4,""volume"":2572.7037,""label_in_window"":""NO""},{""offset"":5,""datetime"":""5/16/2026 11:30:00 AM"",""open"":2178.4,""high"":2181,""low"":2177.5,""close"":2178.93,""volume"":5454.644,""label_in_window"":""NO""},{""offset"":6,""datetime"":""5/16/2026 11:45:00 AM"",""open"":2178.93,""high"":2179.08,""low"":2175.97,""close"":2176.1,""volume"":1998.8191,""label_in_window"":""NO""},{""offset"":7,""datetime"":""5/16/2026 12:00:00 PM"",""open"":2176.11,""high"":2178.51,""low"":2175.35,""close"":2176.94,""volume"":2623.7608,""label_in_window"":""NO""},{""offset"":8,""datetime"":""5/16/2026 12:15:00 PM"",""open"":2176.94,""high"":2178.8,""low"":2173.18,""close"":2175.77,""volume"":3791.8827,""label_in_window"":""NO""},{""offset"":9,""datetime"":""5/16/2026 12:30:00 PM"",""open"":2175.77,""high"":2178.27,""low"":2175.65,""close"":2178.23,""volume"":834.351,""label_in_window"":""NO""},{""offset"":10,""datetime"":""5/16/2026 12:45:00 PM"",""open"":2178.23,""high"":2179.26,""low"":2176.5,""close"":2176.5,""volume"":763.1952,""label_in_window"":""NO""}]"
"ETHUSDT","1d","1d","tests/AD/data/ETHUSDT_1d.csv","500","67","67","20","10","center",,"2025-03-11 00:00:00",,,"bull",,"223.978571428571",,,,"[{""offset"":-10,""datetime"":""3/1/2025 12:00:00 AM"",""open"":2237.59,""high"":2281.14,""low"":2142.73,""close"":2217.39,""volume"":446430.7271,""label_in_window"":""NO""},{""offset"":-9,""datetime"":""3/2/2025 12:00:00 AM"",""open"":2217.4,""high"":2550.58,""low"":2172.04,""close"":2518.11,""volume"":1266684.7748,""label_in_window"":""NO""},{""offset"":-8,""datetime"":""3/3/2025 12:00:00 AM"",""open"":2518.12,""high"":2523.56,""low"":2097.91,""close"":2149.01,""volume"":1109565.2003,""label_in_window"":""NO""},{""offset"":-7,""datetime"":""3/4/2025 12:00:00 AM"",""open"":2149.02,""high"":2221.88,""low"":1993.2,""close"":2171.51,""volume"":1257822.3372,""label_in_window"":""NO""},{""offset"":-6,""datetime"":""3/5/2025 12:00:00 AM"",""open"":2171.5,""high"":2273.51,""low"":2155.03,""close"":2241.59,""volume"":687130.7897,""label_in_window"":""NO""},{""offset"":-5,""datetime"":""3/6/2025 12:00:00 AM"",""open"":2241.59,""high"":2319.99,""low"":2176.9,""close"":2202.2,""volume"":596908.3935,""label_in_window"":""NO""},{""offset"":-4,""datetime"":""3/7/2025 12:00:00 AM"",""open"":2202.21,""high"":2258.47,""low"":2101.82,""close"":2141.6,""volume"":782387.2606,""label_in_window"":""NO""},{""offset"":-3,""datetime"":""3/8/2025 12:00:00 AM"",""open"":2141.6,""high"":2234.93,""low"":2105.06,""close"":2203.58,""volume"":328793.0979,""label_in_window"":""NO""},{""offset"":-2,""datetime"":""3/9/2025 12:00:00 AM"",""open"":2203.57,""high"":2212,""low"":1989.66,""close"":2020.41,""volume"":601671.5882,""label_in_window"":""NO""},{""offset"":-1,""datetime"":""3/10/2025 12:00:00 AM"",""open"":2020.43,""high"":2152.4,""low"":1810.01,""close"":1865.1,""volume"":1248745.3514,""label_in_window"":""NO""},{""offset"":0,""datetime"":""3/11/2025 12:00:00 AM"",""open"":1865.11,""high"":1963.2,""low"":1754.28,""close"":1923.43,""volume"":1171427.9995,""label_in_window"":""YES""},{""offset"":1,""datetime"":""3/12/2025 12:00:00 AM"",""open"":1923.42,""high"":1960,""low"":1829.72,""close"":1908.2,""volume"":788739.6763,""label_in_window"":""NO""},{""offset"":2,""datetime"":""3/13/2025 12:00:00 AM"",""open"":1908.2,""high"":1923.09,""low"":1821.81,""close"":1864.59,""volume"":569537.2622,""label_in_window"":""NO""},{""offset"":3,""datetime"":""3/14/2025 12:00:00 AM"",""open"":1864.59,""high"":1945.64,""low"":1861.31,""close"":1911.65,""volume"":375805.7355,""label_in_window"":""NO""},{""offset"":4,""datetime"":""3/15/2025 12:00:00 AM"",""open"":1911.64,""high"":1957.19,""low"":1903.75,""close"":1937.17,""volume"":209545.8675,""label_in_window"":""NO""},{""offset"":5,""datetime"":""3/16/2025 12:00:00 AM"",""open"":1937.18,""high"":1940.87,""low"":1860.38,""close"":1887,""volume"":324766.6564,""label_in_window"":""NO""},{""offset"":6,""datetime"":""3/17/2025 12:00:00 AM"",""open"":1887.01,""high"":1952.4,""low"":1879.98,""close"":1926.31,""volume"":334840.4877,""label_in_window"":""NO""},{""offset"":7,""datetime"":""3/18/2025 12:00:00 AM"",""open"":1926.3,""high"":1936.2,""low"":1872.31,""close"":1931.54,""volume"":332896.0155,""label_in_window"":""NO""},{""offset"":8,""datetime"":""3/19/2025 12:00:00 AM"",""open"":1931.54,""high"":2069.9,""low"":1927.58,""close"":2056.06,""volume"":691809.5034,""label_in_window"":""NO""},{""offset"":9,""datetime"":""3/20/2025 12:00:00 AM"",""open"":2056.05,""high"":2067.9,""low"":1952.17,""close"":1983.79,""volume"":401518.9282,""label_in_window"":""NO""},{""offset"":10,""datetime"":""3/21/2025 12:00:00 AM"",""open"":1983.79,""high"":1996.73,""low"":1937.1,""close"":1965.75,""volume"":262641.659,""label_in_window"":""NO""}]"
"ETHUSDT","1h","1h","tests/AD/data/ETHUSDT_1h.csv","500","79","79","16","10","center",,"2026-04-29 18:00:00",,,"bull",,"21.0871428571428",,,,"[{""offset"":-10,""datetime"":""4/29/2026 8:00:00 AM"",""open"":2323.74,""high"":2329.03,""low"":2321.11,""close"":2325.33,""volume"":4136.2641,""label_in_window"":""NO""},{""offset"":-9,""datetime"":""4/29/2026 9:00:00 AM"",""open"":2325.33,""high"":2346.66,""low"":2322.74,""close"":2339.72,""volume"":12808.4246,""label_in_window"":""NO""},{""offset"":-8,""datetime"":""4/29/2026 10:00:00 AM"",""open"":2339.71,""high"":2346.95,""low"":2330.01,""close"":2333.68,""volume"":9453.427,""label_in_window"":""NO""},{""offset"":-7,""datetime"":""4/29/2026 11:00:00 AM"",""open"":2333.67,""high"":2336,""low"":2328.79,""close"":2331.74,""volume"":8275.1971,""label_in_window"":""NO""},{""offset"":-6,""datetime"":""4/29/2026 12:00:00 PM"",""open"":2331.74,""high"":2331.94,""low"":2307.4,""close"":2316.13,""volume"":16486.429,""label_in_window"":""NO""},{""offset"":-5,""datetime"":""4/29/2026 1:00:00 PM"",""open"":2316.13,""high"":2318.15,""low"":2289.94,""close"":2303.03,""volume"":18372.5595,""label_in_window"":""NO""},{""offset"":-4,""datetime"":""4/29/2026 2:00:00 PM"",""open"":2303.02,""high"":2308.29,""low"":2293.86,""close"":2299.39,""volume"":14483.7704,""label_in_window"":""NO""},{""offset"":-3,""datetime"":""4/29/2026 3:00:00 PM"",""open"":2299.4,""high"":2301.24,""low"":2263.1,""close"":2272.51,""volume"":31727.41,""label_in_window"":""NO""},{""offset"":-2,""datetime"":""4/29/2026 4:00:00 PM"",""open"":2272.5,""high"":2279.27,""low"":2263.35,""close"":2267.47,""volume"":19698.2895,""label_in_window"":""NO""},{""offset"":-1,""datetime"":""4/29/2026 5:00:00 PM"",""open"":2267.48,""high"":2283.33,""low"":2266.3,""close"":2283.12,""volume"":11615.5567,""label_in_window"":""NO""},{""offset"":0,""datetime"":""4/29/2026 6:00:00 PM"",""open"":2283.12,""high"":2285.92,""low"":2220.36,""close"":2239.41,""volume"":56466.6844,""label_in_window"":""YES""},{""offset"":1,""datetime"":""4/29/2026 7:00:00 PM"",""open"":2239.41,""high"":2242.44,""low"":2225,""close"":2233.7,""volume"":17551.9858,""label_in_window"":""NO""},{""offset"":2,""datetime"":""4/29/2026 8:00:00 PM"",""open"":2233.69,""high"":2248.73,""low"":2230.49,""close"":2240.42,""volume"":12588.2129,""label_in_window"":""NO""},{""offset"":3,""datetime"":""4/29/2026 9:00:00 PM"",""open"":2240.42,""high"":2264.8,""low"":2238.59,""close"":2253.13,""volume"":15432.4606,""label_in_window"":""NO""},{""offset"":4,""datetime"":""4/29/2026 10:00:00 PM"",""open"":2253.14,""high"":2259.01,""low"":2250.19,""close"":2257.78,""volume"":5462.7196,""label_in_window"":""NO""},{""offset"":5,""datetime"":""4/29/2026 11:00:00 PM"",""open"":2257.77,""high"":2260.3,""low"":2250.35,""close"":2252.9,""volume"":5444.7688,""label_in_window"":""NO""},{""offset"":6,""datetime"":""4/30/2026 12:00:00 AM"",""open"":2252.9,""high"":2275,""low"":2249.47,""close"":2272.46,""volume"":9779.8174,""label_in_window"":""NO""},{""offset"":7,""datetime"":""4/30/2026 1:00:00 AM"",""open"":2272.45,""high"":2279,""low"":2267.06,""close"":2269.35,""volume"":8290.3738,""label_in_window"":""NO""},{""offset"":8,""datetime"":""4/30/2026 2:00:00 AM"",""open"":2269.36,""high"":2273.14,""low"":2236.36,""close"":2245.13,""volume"":12671.6592,""label_in_window"":""NO""},{""offset"":9,""datetime"":""4/30/2026 3:00:00 AM"",""open"":2245.12,""high"":2256.82,""low"":2243.89,""close"":2253.24,""volume"":5318.3681,""label_in_window"":""NO""},{""offset"":10,""datetime"":""4/30/2026 4:00:00 AM"",""open"":2253.24,""high"":2254.27,""low"":2236.89,""close"":2238.97,""volume"":7758.4871,""label_in_window"":""NO""}]"
"ETHUSDT","1h","1h","tests/AD/data/ETHUSDT_1h.csv","500","280","280","16","10","center",,"2026-05-08 03:00:00",,,"bull",,"14.36",,,,"[{""offset"":-10,""datetime"":""5/7/2026 5:00:00 PM"",""open"":2291.81,""high"":2301.25,""low"":2280.1,""close"":2299.6,""volume"":28378.658,""label_in_window"":""NO""},{""offset"":-9,""datetime"":""5/7/2026 6:00:00 PM"",""open"":2299.61,""high"":2304,""low"":2291.27,""close"":2296.19,""volume"":23860.3486,""label_in_window"":""NO""},{""offset"":-8,""datetime"":""5/7/2026 7:00:00 PM"",""open"":2296.18,""high"":2297.09,""low"":2287.88,""close"":2295.98,""volume"":18517.2817,""label_in_window"":""NO""},{""offset"":-7,""datetime"":""5/7/2026 8:00:00 PM"",""open"":2295.98,""high"":2302.57,""low"":2287.94,""close"":2289.1,""volume"":34000.8584,""label_in_window"":""NO""},{""offset"":-6,""datetime"":""5/7/2026 9:00:00 PM"",""open"":2289.1,""high"":2294.29,""low"":2281.29,""close"":2287.68,""volume"":12799.0863,""label_in_window"":""NO""},{""offset"":-5,""datetime"":""5/7/2026 10:00:00 PM"",""open"":2287.68,""high"":2290.24,""low"":2281.04,""close"":2287.03,""volume"":16424.3429,""label_in_window"":""NO""},{""offset"":-4,""datetime"":""5/7/2026 11:00:00 PM"",""open"":2287.03,""high"":2293.24,""low"":2286.11,""close"":2291.06,""volume"":8871.107,""label_in_window"":""NO""},{""offset"":-3,""datetime"":""5/8/2026 12:00:00 AM"",""open"":2291.06,""high"":2294.28,""low"":2283.66,""close"":2286.83,""volume"":9997.2781,""label_in_window"":""NO""},{""offset"":-2,""datetime"":""5/8/2026 1:00:00 AM"",""open"":2286.83,""high"":2289.31,""low"":2280.28,""close"":2285.06,""volume"":10079.1981,""label_in_window"":""NO""},{""offset"":-1,""datetime"":""5/8/2026 2:00:00 AM"",""open"":2285.06,""high"":2285.71,""low"":2268,""close"":2279.15,""volume"":18687.3591,""label_in_window"":""NO""},{""offset"":0,""datetime"":""5/8/2026 3:00:00 AM"",""open"":2279.15,""high"":2281.6,""low"":2265.61,""close"":2278.76,""volume"":15605.1908,""label_in_window"":""YES""},{""offset"":1,""datetime"":""5/8/2026 4:00:00 AM"",""open"":2278.77,""high"":2284.54,""low"":2276.5,""close"":2281.63,""volume"":9647.4955,""label_in_window"":""NO""},{""offset"":2,""datetime"":""5/8/2026 5:00:00 AM"",""open"":2281.63,""high"":2284,""low"":2275.97,""close"":2275.97,""volume"":11633.258,""label_in_window"":""NO""},{""offset"":3,""datetime"":""5/8/2026 6:00:00 AM"",""open"":2275.98,""high"":2278.5,""low"":2268.6,""close"":2275.22,""volume"":31348.2699,""label_in_window"":""NO""},{""offset"":4,""datetime"":""5/8/2026 7:00:00 AM"",""open"":2275.23,""high"":2282.69,""low"":2267.15,""close"":2281.35,""volume"":21264.4415,""label_in_window"":""NO""},{""offset"":5,""datetime"":""5/8/2026 8:00:00 AM"",""open"":2281.37,""high"":2289.13,""low"":2280.15,""close"":2283.56,""volume"":17210.3914,""label_in_window"":""NO""},{""offset"":6,""datetime"":""5/8/2026 9:00:00 AM"",""open"":2283.56,""high"":2292.12,""low"":2280.35,""close"":2284.34,""volume"":15015.7397,""label_in_window"":""NO""},{""offset"":7,""datetime"":""5/8/2026 10:00:00 AM"",""open"":2284.34,""high"":2290.96,""low"":2281.17,""close"":2287.94,""volume"":15731.5078,""label_in_window"":""NO""},{""offset"":8,""datetime"":""5/8/2026 11:00:00 AM"",""open"":2287.95,""high"":2298.01,""low"":2287.95,""close"":2295.38,""volume"":17761.4984,""label_in_window"":""NO""},{""offset"":9,""datetime"":""5/8/2026 12:00:00 PM"",""open"":2295.38,""high"":2302,""low"":2282.46,""close"":2284.53,""volume"":16435.0408,""label_in_window"":""NO""},{""offset"":10,""datetime"":""5/8/2026 1:00:00 PM"",""open"":2284.53,""high"":2287,""low"":2269.96,""close"":2276.46,""volume"":28468.8006,""label_in_window"":""NO""}]"
"ETHUSDT","1h","1h","tests/AD/data/ETHUSDT_1h.csv","500","389","389","16","10","center",,"2026-05-12 16:00:00",,,"bull",,"13.4171428571429",,,,"[{""offset"":-10,""datetime"":""5/12/2026 6:00:00 AM"",""open"":2310.13,""high"":2313.84,""low"":2302.63,""close"":2303.89,""volume"":8109.0135,""label_in_window"":""NO""},{""offset"":-9,""datetime"":""5/12/2026 7:00:00 AM"",""open"":2303.9,""high"":2304.82,""low"":2291.63,""close"":2295.2,""volume"":15768.3022,""label_in_window"":""NO""},{""offset"":-8,""datetime"":""5/12/2026 8:00:00 AM"",""open"":2295.2,""high"":2296.27,""low"":2280,""close"":2288.01,""volume"":25800.4316,""label_in_window"":""NO""},{""offset"":-7,""datetime"":""5/12/2026 9:00:00 AM"",""open"":2288,""high"":2295.3,""low"":2281.1,""close"":2292.84,""volume"":11101.2573,""label_in_window"":""NO""},{""offset"":-6,""datetime"":""5/12/2026 10:00:00 AM"",""open"":2292.84,""high"":2293.88,""low"":2281.42,""close"":2286.2,""volume"":14416.2819,""label_in_window"":""NO""},{""offset"":-5,""datetime"":""5/12/2026 11:00:00 AM"",""open"":2286.21,""high"":2287.09,""low"":2278.57,""close"":2287.01,""volume"":9074.8274,""label_in_window"":""NO""},{""offset"":-4,""datetime"":""5/12/2026 12:00:00 PM"",""open"":2287.02,""high"":2294.01,""low"":2281.14,""close"":2288.97,""volume"":10709.2451,""label_in_window"":""NO""},{""offset"":-3,""datetime"":""5/12/2026 1:00:00 PM"",""open"":2288.97,""high"":2292.51,""low"":2268.88,""close"":2271.99,""volume"":17980.8557,""label_in_window"":""NO""},{""offset"":-2,""datetime"":""5/12/2026 2:00:00 PM"",""open"":2271.99,""high"":2281.89,""low"":2262.37,""close"":2269.18,""volume"":18461.4051,""label_in_window"":""NO""},{""offset"":-1,""datetime"":""5/12/2026 3:00:00 PM"",""open"":2269.18,""high"":2274.38,""low"":2256.67,""close"":2261.85,""volume"":16513.7723,""label_in_window"":""NO""},{""offset"":0,""datetime"":""5/12/2026 4:00:00 PM"",""open"":2261.86,""high"":2271.24,""low"":2256.27,""close"":2263.83,""volume"":11372.9998,""label_in_window"":""YES""},{""offset"":1,""datetime"":""5/12/2026 5:00:00 PM"",""open"":2263.83,""high"":2278,""low"":2263.83,""close"":2276.59,""volume"":6397.2953,""label_in_window"":""NO""},{""offset"":2,""datetime"":""5/12/2026 6:00:00 PM"",""open"":2276.6,""high"":2284.6,""low"":2274.67,""close"":2279.3,""volume"":6729.2104,""label_in_window"":""NO""},{""offset"":3,""datetime"":""5/12/2026 7:00:00 PM"",""open"":2279.31,""high"":2287.43,""low"":2279.15,""close"":2285.09,""volume"":5237.4283,""label_in_window"":""NO""},{""offset"":4,""datetime"":""5/12/2026 8:00:00 PM"",""open"":2285.1,""high"":2287.39,""low"":2281.32,""close"":2285.04,""volume"":3679.2957,""label_in_window"":""NO""},{""offset"":5,""datetime"":""5/12/2026 9:00:00 PM"",""open"":2285.05,""high"":2287.64,""low"":2282.81,""close"":2285.4,""volume"":3407.4166,""label_in_window"":""NO""},{""offset"":6,""datetime"":""5/12/2026 10:00:00 PM"",""open"":2285.41,""high"":2291.37,""low"":2282.24,""close"":2282.34,""volume"":4370.6133,""label_in_window"":""NO""},{""offset"":7,""datetime"":""5/12/2026 11:00:00 PM"",""open"":2282.34,""high"":2284.18,""low"":2273.88,""close"":2274.96,""volume"":5554.5701,""label_in_window"":""NO""},{""offset"":8,""datetime"":""5/13/2026 12:00:00 AM"",""open"":2274.97,""high"":2286.79,""low"":2273.34,""close"":2281.56,""volume"":4782.3535,""label_in_window"":""NO""},{""offset"":9,""datetime"":""5/13/2026 1:00:00 AM"",""open"":2281.56,""high"":2295.29,""low"":2280.99,""close"":2289.98,""volume"":8336.9621,""label_in_window"":""NO""},{""offset"":10,""datetime"":""5/13/2026 2:00:00 AM"",""open"":2289.99,""high"":2299.89,""low"":2286.96,""close"":2293.99,""volume"":6723.5922,""label_in_window"":""NO""}]"
"ETHUSDT","4h","4h","tests/AD/data/ETHUSDT_4h.csv","500","322","322","18","10","center",,"2026-04-17 16:00:00",,,"bear",,"42.3378571428572",,,,"[{""offset"":-10,""datetime"":""4/16/2026 12:00:00 AM"",""open"":2359.94,""high"":2369.59,""low"":2345.04,""close"":2357.86,""volume"":24372.7204,""label_in_window"":""NO""},{""offset"":-9,""datetime"":""4/16/2026 4:00:00 AM"",""open"":2357.85,""high"":2364,""low"":2335.72,""close"":2341.52,""volume"":33030.1056,""label_in_window"":""NO""},{""offset"":-8,""datetime"":""4/16/2026 8:00:00 AM"",""open"":2341.52,""high"":2348.4,""low"":2328.64,""close"":2335.67,""volume"":38717.9452,""label_in_window"":""NO""},{""offset"":-7,""datetime"":""4/16/2026 12:00:00 PM"",""open"":2335.68,""high"":2351.8,""low"":2285.1,""close"":2339.01,""volume"":122115.6918,""label_in_window"":""NO""},{""offset"":-6,""datetime"":""4/16/2026 4:00:00 PM"",""open"":2339.01,""high"":2361.96,""low"":2309.96,""close"":2359.7,""volume"":72519.8431,""label_in_window"":""NO""},{""offset"":-5,""datetime"":""4/16/2026 8:00:00 PM"",""open"":2359.69,""high"":2364.68,""low"":2336.25,""close"":2348.17,""volume"":38204.6316,""label_in_window"":""NO""},{""offset"":-4,""datetime"":""4/17/2026 12:00:00 AM"",""open"":2348.16,""high"":2350.9,""low"":2323.83,""close"":2325.52,""volume"":22001.9814,""label_in_window"":""NO""},{""offset"":-3,""datetime"":""4/17/2026 4:00:00 AM"",""open"":2325.53,""high"":2342.02,""low"":2317.43,""close"":2334.16,""volume"":31478.7638,""label_in_window"":""NO""},{""offset"":-2,""datetime"":""4/17/2026 8:00:00 AM"",""open"":2334.15,""high"":2377,""low"":2332.98,""close"":2354.99,""volume"":65874.4475,""label_in_window"":""NO""},{""offset"":-1,""datetime"":""4/17/2026 12:00:00 PM"",""open"":2355,""high"":2456.93,""low"":2349.4,""close"":2441.96,""volume"":220835.8864,""label_in_window"":""NO""},{""offset"":0,""datetime"":""4/17/2026 4:00:00 PM"",""open"":2441.96,""high"":2464.91,""low"":2415.41,""close"":2427.92,""volume"":76798.3675,""label_in_window"":""YES""},{""offset"":1,""datetime"":""4/17/2026 8:00:00 PM"",""open"":2427.92,""high"":2444.34,""low"":2415.47,""close"":2419,""volume"":74741.9149,""label_in_window"":""NO""},{""offset"":2,""datetime"":""4/18/2026 12:00:00 AM"",""open"":2419,""high"":2427.64,""low"":2399.54,""close"":2405.04,""volume"":29072.7602,""label_in_window"":""NO""},{""offset"":3,""datetime"":""4/18/2026 4:00:00 AM"",""open"":2405.03,""high"":2413.54,""low"":2399.52,""close"":2403.71,""volume"":14941.9954,""label_in_window"":""NO""},{""offset"":4,""datetime"":""4/18/2026 8:00:00 AM"",""open"":2403.71,""high"":2404.85,""low"":2343.44,""close"":2352.96,""volume"":67979.8578,""label_in_window"":""NO""},{""offset"":5,""datetime"":""4/18/2026 12:00:00 PM"",""open"":2352.96,""high"":2369.66,""low"":2345.25,""close"":2363.64,""volume"":57355.5128,""label_in_window"":""NO""},{""offset"":6,""datetime"":""4/18/2026 4:00:00 PM"",""open"":2363.64,""high"":2375.14,""low"":2339.92,""close"":2348.59,""volume"":39182.5061,""label_in_window"":""NO""},{""offset"":7,""datetime"":""4/18/2026 8:00:00 PM"",""open"":2348.59,""high"":2359.5,""low"":2344.96,""close"":2350.32,""volume"":13208.7565,""label_in_window"":""NO""},{""offset"":8,""datetime"":""4/19/2026 12:00:00 AM"",""open"":2350.33,""high"":2355.3,""low"":2332.1,""close"":2339.77,""volume"":20291.3796,""label_in_window"":""NO""},{""offset"":9,""datetime"":""4/19/2026 4:00:00 AM"",""open"":2339.77,""high"":2346.11,""low"":2300,""close"":2316.03,""volume"":54404.7518,""label_in_window"":""NO""},{""offset"":10,""datetime"":""4/19/2026 8:00:00 AM"",""open"":2316.03,""high"":2331.13,""low"":2306.42,""close"":2329.38,""volume"":23275.524,""label_in_window"":""NO""}]"
"XAUTUSDT","1h","1h","tests/AD/data/XAUTUSDT_1h.csv","500","239","239","16","10","center",,"2026-05-06 10:00:00",,,"bear",,"18.6114285714285",,,,"[{""offset"":-10,""datetime"":""5/6/2026 12:00:00 AM"",""open"":4585.17,""high"":4607.66,""low"":4580.01,""close"":4606.2,""volume"":269.4124,""label_in_window"":""NO""},{""offset"":-9,""datetime"":""5/6/2026 1:00:00 AM"",""open"":4606.21,""high"":4615.17,""low"":4597.61,""close"":4612.61,""volume"":158.1779,""label_in_window"":""NO""},{""offset"":-8,""datetime"":""5/6/2026 2:00:00 AM"",""open"":4612.85,""high"":4626.96,""low"":4612.85,""close"":4626,""volume"":106.1846,""label_in_window"":""NO""},{""offset"":-7,""datetime"":""5/6/2026 3:00:00 AM"",""open"":4625.99,""high"":4637.02,""low"":4624.63,""close"":4629.51,""volume"":147.5368,""label_in_window"":""NO""},{""offset"":-6,""datetime"":""5/6/2026 4:00:00 AM"",""open"":4629.51,""high"":4638.63,""low"":4629.51,""close"":4635.43,""volume"":106.6579,""label_in_window"":""NO""},{""offset"":-5,""datetime"":""5/6/2026 5:00:00 AM"",""open"":4635.43,""high"":4646.92,""low"":4629.83,""close"":4646.65,""volume"":159.7066,""label_in_window"":""NO""},{""offset"":-4,""datetime"":""5/6/2026 6:00:00 AM"",""open"":4646.65,""high"":4652.21,""low"":4641.63,""close"":4651.97,""volume"":125.1619,""label_in_window"":""NO""},{""offset"":-3,""datetime"":""5/6/2026 7:00:00 AM"",""open"":4651.98,""high"":4665.82,""low"":4642.55,""close"":4665.82,""volume"":149.8736,""label_in_window"":""NO""},{""offset"":-2,""datetime"":""5/6/2026 8:00:00 AM"",""open"":4665.86,""high"":4689.28,""low"":4658.04,""close"":4686.46,""volume"":262.4931,""label_in_window"":""NO""},{""offset"":-1,""datetime"":""5/6/2026 9:00:00 AM"",""open"":4686.47,""high"":4694.23,""low"":4676.99,""close"":4690.47,""volume"":196.0048,""label_in_window"":""NO""},{""offset"":0,""datetime"":""5/6/2026 10:00:00 AM"",""open"":4690.48,""high"":4709.98,""low"":4685.72,""close"":4707.13,""volume"":374.233,""label_in_window"":""YES""},{""offset"":1,""datetime"":""5/6/2026 11:00:00 AM"",""open"":4706.89,""high"":4708.83,""low"":4678.75,""close"":4679.33,""volume"":167.4057,""label_in_window"":""NO""},{""offset"":2,""datetime"":""5/6/2026 12:00:00 PM"",""open"":4679.23,""high"":4679.41,""low"":4650,""close"":4670.76,""volume"":418.0215,""label_in_window"":""NO""},{""offset"":3,""datetime"":""5/6/2026 1:00:00 PM"",""open"":4671.09,""high"":4692.48,""low"":4659.27,""close"":4688.45,""volume"":316.2476,""label_in_window"":""NO""},{""offset"":4,""datetime"":""5/6/2026 2:00:00 PM"",""open"":4688.44,""high"":4701.35,""low"":4685,""close"":4688.39,""volume"":200.947,""label_in_window"":""NO""},{""offset"":5,""datetime"":""5/6/2026 3:00:00 PM"",""open"":4688.05,""high"":4690.31,""low"":4675.43,""close"":4675.44,""volume"":73.5687,""label_in_window"":""NO""},{""offset"":6,""datetime"":""5/6/2026 4:00:00 PM"",""open"":4675.36,""high"":4677.69,""low"":4667.54,""close"":4669.93,""volume"":369.1438,""label_in_window"":""NO""},{""offset"":7,""datetime"":""5/6/2026 5:00:00 PM"",""open"":4669.94,""high"":4673.04,""low"":4666.66,""close"":4671.03,""volume"":58.8973,""label_in_window"":""NO""},{""offset"":8,""datetime"":""5/6/2026 6:00:00 PM"",""open"":4671.04,""high"":4677.08,""low"":4668.84,""close"":4674.14,""volume"":44.2303,""label_in_window"":""NO""},{""offset"":9,""datetime"":""5/6/2026 7:00:00 PM"",""open"":4674.15,""high"":4686.66,""low"":4674.15,""close"":4680.61,""volume"":38.6973,""label_in_window"":""NO""},{""offset"":10,""datetime"":""5/6/2026 8:00:00 PM"",""open"":4680.58,""high"":4686.22,""low"":4675.52,""close"":4679.03,""volume"":22.5007,""label_in_window"":""NO""}]"
